{"cameraMode":{"drawMode":0,"name":"Shaded","section":"Shading Mode"},"sceneLighting":true,"audioPlay":false,"sceneViewState":{"m_AlwaysRefresh":false,"showFog":true,"showSkybox":true,"showFlares":true,"showImageEffects":true,"showParticleSystems":true,"showVisualEffectGraphs":true,"m_FxEnabled":true},"in2DMode":false,"pivot":{"x":-0.8999999761581421,"y":2.5041308403015138,"z":1.8500001430511475},"rotation":{"x":0.23604124784469605,"y":-0.20513916015625,"z":0.051104553043842319,"w":0.9485825300216675},"size":8.642802238464356,"orthographic":false}